year,tmID,franchID,confID,rank,playoff,firstRound,semis,finals,name,o_fgm,o_fga,o_ftm,o_fta,o_3pm,o_3pa,o_oreb,o_dreb,o_reb,o_asts,o_pf,o_stl,o_to,o_blk,o_pts,d_fgm,d_fga,d_ftm,d_fta,d_3pm,d_3pa,d_oreb,d_dreb,d_reb,d_asts,d_pf,d_stl,d_to,d_blk,d_pts,won,lost,GP,homeW,homeL,awayW,awayL,confW,confL,min,attend,arena,is_last_season,season_id,season_win_pct,point_diff,off_eff,def_eff,fg_pct,three_pct,ft_pct,opp_fg_pct,prop_3pt_shots,home_win_pct,away_win_pct,home_advantage,reb_diff,stl_diff,blk_diff,to_diff,attend_pg,franchise_changed,prev_win_pct_1,prev_win_pct_3,prev_win_pct_5,prev_point_diff_3,prev_point_diff_5,win_pct_change,off_eff_norm,def_eff_norm,fg_pct_norm,three_pct_norm,ft_pct_norm,opp_fg_pct_norm,point_diff_norm
9,ATL,ATL,EA,7,N,,,,Atlanta Dream,895,2258,542,725,202,598,340,737,1077,492,796,285,593,142,2534,1014,2254,679,918,172,502,401,864,1265,684,726,310,561,134,2879,4,30,34,1,16,3,14,2,18,6825,141379,Philips Arena,False,9_ATL,0.1176,-345,74.5294,84.6765,0.3964,0.3378,0.7476,0.4499,0.2648,0.0588,0.1765,-0.1176,-188,-25,8,32,4158.2059,False,,,,,,,0.9772,1.1103,0.9439,1.0014,0.9951,1.0707,
10,ATL,ATL,EA,2,Y,L,,,Atlanta Dream,1089,2428,569,755,114,374,404,855,1259,547,741,329,590,121,2861,996,2363,624,807,181,530,353,821,1174,615,700,347,601,133,2797,18,16,34,12,5,6,11,10,12,6950,120737,Philips Arena,True,10_ATL,0.5294,64,84.1471,82.2647,0.4485,0.3048,0.7536,0.4215,0.154,0.7059,0.3529,0.3529,85,-18,-12,-11,3551.0882,False,0.1176,,,,,0.4118,1.074,1.05,1.0489,0.8896,0.9713,0.9852,
1,CHA,CHA,EA,8,N,,,,Charlotte Sting,812,1903,431,577,131,386,305,630,935,551,713,222,496,90,2186,879,1930,533,716,138,423,326,664,990,596,596,259,426,123,2429,8,24,32,5,11,3,13,5,16,6475,90963,Charlotte Coliseum,False,1_CHA,0.25,-243,68.3125,75.9062,0.4267,0.3394,0.747,0.4554,0.2028,0.3125,0.1875,0.125,-55,-37,-33,70,2842.5938,False,,,,,,,0.9897,1.0997,0.9886,1.0341,1.0102,1.0539,
2,CHA,CHA,EA,4,Y,W,W,L,Charlotte Sting,746,1780,410,528,153,428,309,639,948,467,605,217,474,114,2055,732,1846,431,562,114,369,344,567,911,443,579,257,447,124,2009,18,14,32,11,5,7,9,15,6,6500,105525,Charlotte Coliseum,False,2_CHA,0.5625,46,64.2188,62.7812,0.4191,0.3575,0.7765,0.3965,0.2404,0.6875,0.4375,0.25,37,-40,-10,27,3297.6562,False,0.25,,,,,0.3125,0.9774,0.9555,1.0198,1.0683,1.05,0.9642,
3,CHA,CHA,EA,2,Y,L,,,Charlotte Sting,770,1790,490,663,211,527,302,653,955,496,647,241,408,105,2241,778,1807,444,598,133,372,295,620,915,489,600,208,424,103,2133,18,14,32,11,5,7,9,12,9,6450,106670,Charlotte Coliseum,False,3_CHA,0.5625,108,70.0312,66.6562,0.4302,0.4004,0.7391,0.4305,0.2944,0.6875,0.4375,0.25,40,33,2,-16,3333.4375,False,0.5625,,,,,0.0,1.0353,0.9854,1.0233,1.1848,0.9949,1.0235,
4,CHA,CHA,EA,2,Y,L,,,Charlotte Sting,787,1881,456,590,187,517,342,629,971,499,697,279,497,115,2217,790,1902,477,667,138,407,386,621,1007,491,606,264,469,104,2195,18,16,34,13,4,5,12,12,12,6850,120061,Charlotte Coliseum,False,4_CHA,0.5294,22,65.2059,64.5588,0.4184,0.3617,0.7729,0.4154,0.2749,0.7647,0.2941,0.4706,-36,15,11,28,3531.2059,False,0.5625,,,,,-0.0331,0.9575,0.948,1.0014,1.0784,1.0372,0.9936,
5,CHA,CHA,EA,5,N,,,,Charlotte Sting,745,1744,436,590,166,459,256,616,872,426,648,210,479,134,2092,800,1932,438,587,130,349,368,628,996,516,595,243,437,114,2168,16,18,34,10,7,6,11,8,12,6900,116383,Charlotte Coliseum,False,5_CHA,0.4706,-76,61.5294,63.7647,0.4272,0.3617,0.739,0.4141,0.2632,0.5882,0.3529,0.2353,-124,-33,20,42,3423.0294,False,0.5294,,,,,-0.0588,0.9174,0.9507,1.0169,1.041,0.9963,0.985,
6,CHA,CHA,EA,6,N,,,,Charlotte Sting,772,1913,447,624,104,301,316,609,925,493,727,284,535,113,2095,851,1888,509,713,124,339,355,700,1055,496,654,269,534,146,2335,6,28,34,5,12,1,16,4,16,6945,98054,Charlotte Coliseum,False,6_CHA,0.1765,-240,61.6176,68.6765,0.4036,0.3455,0.7163,0.4507,0.1573,0.2941,0.0588,0.2353,-130,15,-33,1,2883.9412,False,0.4706,,,,,-0.2941,0.9158,1.0207,0.9502,1.0328,0.9665,1.0605,
7,CHA,CHA,EA,6,N,,,,Charlotte Sting,864,2178,552,777,176,544,347,747,1094,527,734,315,574,155,2456,911,2149,594,791,155,465,370,870,1240,522,707,286,619,125,2571,11,23,34,7,10,4,13,6,14,6825,106942,Time Warner Cable Arena,True,7_CHA,0.3235,-115,72.2353,75.6176,0.3967,0.3235,0.7104,0.4239,0.2498,0.4118,0.2353,0.1765,-146,29,30,-45,3145.3529,False,0.1765,,,,,0.1471,0.9602,1.0052,0.9343,0.9679,0.9497,0.9977,-805.0
7,CHI,CHI,EA,7,N,,,,Chicago Sky,858,2175,449,643,157,536,357,680,1037,509,674,277,527,125,2322,971,2147,545,736,200,536,379,860,1239,623,584,262,535,120,2687,5,29,34,3,14,2,15,4,16,6800,57635,UIC Pavilion,False,7_CHI,0.1471,-365,68.2941,79.0294,0.3945,0.2929,0.6983,0.4523,0.2464,0.1765,0.1176,0.0588,-202,15,5,-8,1695.1471,False,,,,,,,0.9078,1.0505,0.9291,0.8763,0.9335,1.0644,-2555.0
8,CHI,CHI,EA,6,N,,,,Chicago Sky,925,2277,489,723,186,544,383,782,1165,597,634,262,510,112,2525,963,2243,501,642,184,481,379,846,1225,584,683,242,566,138,2611,14,20,34,6,11,8,9,6,14,6972,66557,UIC Pavilion,False,8_CHI,0.4118,-86,74.2647,76.7941,0.4062,0.3419,0.6763,0.4293,0.2389,0.3529,0.4706,-0.1176,-60,20,-26,-56,1957.5588,False,0.1471,,,,,0.2647,0.9695,1.0025,0.9675,0.9843,0.8732,1.0217,
9,CHI,CHI,EA,5,N,,,,Chicago Sky,899,2100,564,812,110,341,357,770,1127,548,639,269,525,149,2472,917,2203,506,655,170,508,366,794,1160,531,681,255,522,124,2510,12,22,34,8,9,4,13,10,10,6875,62146,UIC Pavilion,False,9_CHI,0.3529,-38,72.7059,73.8235,0.4281,0.3226,0.6946,0.4163,0.1624,0.4706,0.2353,0.2353,-33,14,25,3,1827.8235,False,0.4118,,,,,-0.0588,0.9533,0.968,1.0195,0.9563,0.9246,0.9907,
10,CHI,CHI,EA,5,N,,,,Chicago Sky,930,2136,527,693,186,471,307,776,1083,532,605,249,532,138,2573,1004,2269,479,613,206,593,359,797,1156,610,636,273,489,121,2693,16,18,34,12,5,4,13,10,12,6825,66852,UIC Pavilion,True,10_CHI,0.4706,-120,75.6765,79.2059,0.4354,0.3949,0.7605,0.4425,0.2205,0.7059,0.2353,0.4706,-73,-24,17,43,1966.2353,False,0.3529,,,,,0.1176,0.9659,1.011,1.0182,1.1525,0.9801,1.0342,
1,CLE,CLE,EA,2,Y,W,L,,Cleveland Rockers,809,1828,426,570,141,407,331,603,934,539,647,259,538,91,2185,774,1761,455,583,119,368,277,596,873,540,693,305,552,95,2122,17,15,32,13,3,4,12,13,8,6500,137532,Quicken Loans Arena,False,1_CLE,0.5312,63,68.2812,66.3125,0.4426,0.3464,0.7474,0.4395,0.2226,0.8125,0.25,0.5625,61,-46,-4,-14,4297.875,False,,,,,,,0.9893,0.9608,1.0254,1.0556,1.0107,1.0171,
2,CLE,CLE,EA,1,Y,L,,,Cleveland Rockers,763,1770,372,505,106,335,297,662,959,503,532,267,444,83,2004,664,1745,328,444,132,417,297,594,891,434,597,225,496,127,1788,22,10,32,14,2,8,8,15,6,6425,147373,Quicken Loans Arena,False,2_CLE,0.6875,216,62.625,55.875,0.4311,0.3164,0.7366,0.3805,0.1893,0.875,0.5,0.375,68,42,-44,-52,4605.4062,False,0.5312,,,,,0.1562,0.9531,0.8504,1.0489,0.9456,0.9961,0.9253,
3,CLE,CLE,EA,7,N,,,,Cleveland Rockers,760,1820,430,553,121,374,295,674,969,480,567,221,451,83,2071,797,1834,397,521,149,441,278,640,918,530,613,242,428,109,2140,10,22,32,4,12,6,10,7,14,6550,149084,Quicken Loans Arena,False,3_CLE,0.3125,-69,64.7188,66.875,0.4176,0.3235,0.7776,0.4346,0.2055,0.25,0.375,-0.125,51,-21,-26,23,4658.875,False,0.6875,,,,,-0.375,0.9568,0.9887,0.9934,0.9574,1.0467,1.0331,
4,CLE,CLE,EA,4,Y,L,,,Cleveland Rockers,815,1975,464,643,135,425,349,720,1069,517,639,226,466,86,2229,809,1927,465,607,127,355,300,704,1004,510,659,223,467,135,2210,17,17,34,11,6,6,11,13,11,6825,125793,Quicken Loans Arena,True,4_CLE,0.5,19,65.5588,65.0,0.4127,0.3176,0.7216,0.4198,0.2152,0.6471,0.3529,0.2941,65,3,-49,-1,3699.7941,False,0.3125,,,,,0.1875,0.9627,0.9545,0.9877,0.947,0.9684,1.0043,
4,CON,CON,EA,3,Y,W,L,,Connecticut Sun,864,2102,479,646,177,549,333,762,1095,520,663,270,434,111,2384,864,2104,509,673,172,536,366,812,1178,553,669,252,476,88,2409,18,16,34,10,7,8,9,11,13,6875,102433,Mohegan Sun Arena,False,4_CON,0.5294,-25,70.1176,70.8529,0.411,0.3224,0.7415,0.4106,0.2612,0.5882,0.4706,0.1176,-83,18,23,-42,3012.7353,False,,,,,,,1.0296,1.0404,0.9838,0.9612,0.9951,0.9824,
5,CON,CON,EA,1,Y,W,W,L,Connecticut Sun,876,2051,434,590,149,467,321,724,1045,572,610,299,462,96,2335,858,1996,443,599,145,384,306,757,1063,565,627,239,492,113,2304,18,16,34,10,7,8,9,14,6,6900,114017,Mohegan Sun Arena,False,5_CON,0.5294,31,68.6765,67.7647,0.4271,0.3191,0.7356,0.4299,0.2277,0.5882,0.4706,0.1176,-18,60,-17,-30,3353.4412,False,0.5294,,,,,0.0,1.024,1.0104,1.0167,0.9183,0.9918,1.0225,
6,CON,CON,EA,1,Y,W,W,W,Connecticut Sun,916,2025,512,688,130,373,322,788,1110,573,624,236,452,130,2474,835,2100,452,599,122,400,350,728,1078,495,675,258,442,79,2244,26,8,34,14,3,12,5,13,7,6800,121944,Mohegan Sun Arena,False,6_CON,0.7647,230,72.7647,66.0,0.4523,0.3485,0.7442,0.3976,0.1842,0.8235,0.7059,0.1176,32,-22,51,10,3586.5882,False,0.5294,,,,,0.2353,1.0814,0.9809,1.065,1.0418,1.004,0.9355,
7,CON,CON,EA,1,Y,W,L,,Connecticut Sun,982,2216,545,675,174,510,342,926,1268,630,530,252,514,153,2683,948,2357,358,500,163,508,370,783,1153,528,646,273,486,103,2417,26,8,34,14,3,12,5,15,5,6825,126096,Mohegan Sun Arena,False,7_CON,0.7647,266,78.9118,71.0882,0.4431,0.3412,0.8074,0.4022,0.2301,0.8235,0.7059,0.1176,115,-21,50,28,3708.7059,False,0.7647,,,,,0.0,1.0489,0.945,1.0437,1.0207,1.0794,0.9466,1862.0
8,CON,CON,EA,3,Y,L,,,Connecticut Sun,1001,2327,478,615,195,572,354,868,1222,619,641,272,540,156,2675,976,2317,475,626,166,485,337,842,1179,581,633,246,524,85,2593,18,16,34,8,9,10,7,10,10,6925,135490,Mohegan Sun Arena,False,8_CON,0.5294,82,78.6765,76.2647,0.4302,0.3409,0.7772,0.4212,0.2458,0.4706,0.5882,-0.1176,43,26,71,16,3985.0,False,0.7647,,,,,-0.2353,1.0271,0.9956,1.0245,0.9814,1.0035,1.0024,
9,CON,CON,EA,2,Y,L,,,Connecticut Sun,965,2286,539,723,221,669,370,869,1239,607,629,211,487,97,2690,955,2284,472,638,159,496,360,840,1200,554,703,252,499,104,2541,21,13,34,13,4,8,9,13,7,6850,129951,Mohegan Sun Arena,False,9_CON,0.6176,149,79.1176,74.7353,0.4221,0.3303,0.7455,0.4181,0.2927,0.7647,0.4706,0.2941,39,-41,-7,-12,3822.0882,False,0.5294,,,,,0.0882,1.0374,0.9799,1.0053,0.9793,0.9924,0.9951,
10,CON,CON,EA,6,N,,,,Connecticut Sun,966,2381,517,692,202,639,358,826,1184,608,677,250,453,130,2651,953,2236,591,746,157,488,329,945,1274,525,684,248,549,125,2654,16,18,34,12,5,4,13,10,12,6975,115496,Mohegan Sun Arena,True,10_CON,0.4706,-3,77.9706,78.0588,0.4057,0.3161,0.7471,0.4262,0.2684,0.7059,0.2353,0.4706,-90,2,5,-96,3396.9412,False,0.6176,,,,,-0.1471,0.9952,0.9963,0.9488,0.9226,0.9629,0.9962,
1,DET,DET,EA,5,N,,,,Detroit Shock,868,1980,519,699,76,273,341,644,985,503,701,260,530,88,2331,905,1967,480,652,136,372,331,640,971,513,672,284,543,148,2426,14,18,32,8,8,6,10,10,11,6425,107289,The Palace of Auburn Hills,False,1_DET,0.4375,-95,72.8438,75.8125,0.4384,0.2784,0.7425,0.4601,0.1379,0.5,0.375,0.125,14,-24,-60,-13,3352.7812,False,,,,,,,1.0554,1.0984,1.0157,0.8483,1.0041,1.0647,
2,DET,DET,EA,7,N,,,,Detroit Shock,774,1914,412,542,143,405,324,621,945,469,602,225,498,82,2103,848,1837,446,583,127,340,279,702,981,438,591,262,483,109,2269,10,22,32,6,10,4,12,7,14,6550,109348,The Palace of Auburn Hills,False,2_DET,0.3125,-166,65.7188,70.9062,0.4044,0.3531,0.7601,0.4616,0.2116,0.375,0.25,0.125,-36,-37,-27,15,3417.125,False,0.4375,,,,,-0.125,1.0002,1.0792,0.984,1.0551,1.0279,1.1225,
3,DET,DET,EA,8,N,,,,Detroit Shock,766,1919,472,651,110,364,360,719,1079,478,609,201,541,132,2114,828,1984,464,605,146,447,314,669,983,465,637,277,443,139,2266,9,23,32,7,9,2,14,6,15,6450,94171,The Palace of Auburn Hills,False,3_DET,0.2812,-152,66.0625,70.8125,0.3992,0.3022,0.725,0.4173,0.1897,0.4375,0.125,0.3125,96,-76,-7,98,2942.8438,False,0.3125,,,,,-0.0312,0.9767,1.0469,0.9495,0.8943,0.976,0.9921,
4,DET,DET,EA,1,Y,W,W,W,Detroit Shock,902,2004,624,882,125,323,379,851,1230,545,605,263,608,158,2553,911,2286,412,556,161,541,390,674,1064,504,774,309,497,129,2395,25,9,34,13,4,12,5,18,6,6900,133647,The Palace of Auburn Hills,False,4_DET,0.7353,158,75.0882,70.4412,0.4501,0.387,0.7075,0.3985,0.1612,0.7647,0.7059,0.0588,166,-46,29,111,3930.7941,False,0.2812,,,,,0.454,1.1026,1.0344,1.0773,1.1538,0.9494,0.9534,
5,DET,DET,EA,3,Y,L,,,Detroit Shock,874,2097,556,792,62,209,397,773,1170,564,648,277,513,148,2366,860,2098,470,609,191,533,325,730,1055,515,728,289,496,131,2381,17,17,34,8,9,9,8,11,9,6850,160860,The Palace of Auburn Hills,False,5_DET,0.5,-15,69.5882,70.0294,0.4168,0.2967,0.702,0.4099,0.0997,0.4706,0.5294,-0.0588,115,-12,17,17,4731.1765,False,0.7353,,,,,-0.2353,1.0375,1.0441,0.9921,0.8538,0.9465,0.9751,
6,DET,DET,EA,4,Y,L,,,Detroit Shock,831,2060,509,774,76,238,412,803,1215,474,761,241,571,155,2247,784,1945,565,754,154,456,273,745,1018,473,744,272,520,136,2287,16,18,34,12,5,4,13,11,9,6925,159356,The Palace of Auburn Hills,False,6_DET,0.4706,-40,66.0882,67.2647,0.4034,0.3193,0.6576,0.4031,0.1155,0.7059,0.2353,0.4706,197,-31,19,51,4686.9412,False,0.5,,,,,-0.0294,0.9822,0.9997,0.9498,0.9545,0.8872,0.9484,
7,DET,DET,EA,2,Y,W,W,W,Detroit Shock,919,2220,553,746,136,414,406,880,1286,572,711,213,537,137,2527,840,2165,529,702,175,561,324,760,1084,474,733,275,506,108,2384,23,11,34,14,3,9,8,14,6,6825,159453,The Palace of Auburn Hills,False,7_DET,0.6765,143,74.3235,70.1176,0.414,0.3285,0.7413,0.388,0.1865,0.8235,0.5294,0.2941,202,-62,29,31,4689.7941,False,0.4706,,,,,0.2059,0.9879,0.9321,0.975,0.9828,0.991,0.9132,1001.0
8,DET,DET,EA,1,Y,W,W,L,Detroit Shock,972,2261,595,785,158,442,380,931,1311,563,702,227,564,117,2697,895,2262,547,718,203,610,309,780,1089,546,767,276,529,117,2540,24,10,34,12,5,12,5,14,6,6850,165738,The Palace of Auburn Hills,False,8_DET,0.7059,157,79.3235,74.7059,0.4299,0.3575,0.758,0.3957,0.1955,0.7059,0.7059,0.0,222,-49,0,35,4874.6471,False,0.6765,,,,,0.0294,1.0356,0.9753,1.0238,1.029,0.9786,0.9416,
9,DET,DET,EA,1,Y,W,W,W,Detroit Shock,974,2295,556,744,168,476,405,843,1248,604,724,278,496,118,2672,872,2151,563,740,215,616,324,761,1085,520,762,229,572,119,2522,22,12,34,14,3,8,9,16,4,6875,162669,The Palace of Auburn Hills,False,9_DET,0.6471,150,78.5882,74.1765,0.4244,0.3529,0.7473,0.4054,0.2074,0.8235,0.4706,0.3529,163,49,-1,-76,4784.3824,False,0.7059,,,,,-0.0588,1.0305,0.9726,1.0107,1.0463,0.9948,0.9648,
10,DET,DET,EA,3,Y,W,L,,Detroit Shock,980,2277,539,721,153,436,373,853,1226,575,766,261,546,97,2652,902,2201,632,813,208,611,320,781,1101,524,716,279,531,110,2644,18,16,34,11,6,7,10,11,11,6975,136069,The Palace of Auburn Hills,True,10_DET,0.5294,8,78.0,77.7647,0.4304,0.3509,0.7476,0.4098,0.1915,0.6471,0.4118,0.2353,125,-18,-13,15,4002.0294,False,0.6471,,,,,-0.1176,0.9956,0.9926,1.0065,1.0242,0.9635,0.9579,
1,HOU,HOU,WE,2,Y,W,W,W,Houston Comets,891,1894,521,634,172,491,273,724,997,494,554,284,440,104,2475,786,1938,370,508,124,418,290,612,902,473,648,233,480,85,2066,27,5,32,14,2,13,3,17,4,6475,196077,Compaq Center,False,1_HOU,0.8438,409,77.3438,64.5625,0.4704,0.3503,0.8218,0.4056,0.2592,0.875,0.8125,0.0625,95,51,19,-40,6127.4062,False,,,,,,,1.1206,0.9354,1.09,1.0674,1.1114,0.9385,
2,HOU,HOU,WE,4,Y,L,,,Houston Comets,747,1908,415,539,138,435,348,710,1058,426,509,251,436,95,2047,740,1883,362,504,152,456,297,685,982,452,561,248,433,120,1994,19,13,32,11,5,8,8,13,8,6450,181115,Compaq Center,False,2_HOU,0.5938,53,63.9688,62.3125,0.3915,0.3172,0.7699,0.393,0.228,0.6875,0.5,0.1875,76,3,-25,3,5659.8438,False,0.8438,,,,,-0.25,0.9736,0.9484,0.9527,0.948,1.0411,0.9556,
3,HOU,HOU,WE,2,Y,L,,,Houston Comets,755,1778,453,585,109,332,299,702,1001,450,467,260,455,126,2072,705,1880,331,452,151,489,309,664,973,446,606,262,464,71,1892,24,8,32,14,2,10,6,16,5,6425,188648,Compaq Center,False,3_HOU,0.75,180,64.75,59.125,0.4246,0.3283,0.7744,0.375,0.1867,0.875,0.625,0.25,28,-2,55,-9,5895.25,False,0.5938,,,,,0.1562,0.9573,0.8741,1.0101,0.9716,1.0424,0.8915,
4,HOU,HOU,WE,2,Y,L,,,Houston Comets,828,1916,473,600,115,344,266,764,1030,465,490,231,450,129,2244,824,2030,325,448,169,500,298,708,1006,516,634,227,430,122,2142,20,14,34,14,3,6,11,14,10,6825,150203,Compaq Center,False,4_HOU,0.5882,102,66.0,63.0,0.4322,0.3343,0.7883,0.4059,0.1795,0.8235,0.3529,0.4706,24,4,7,20,4417.7353,False,0.75,,,,,-0.1618,0.9692,0.9251,1.0343,0.9967,1.0579,0.9711,
5,HOU,HOU,WE,6,N,,,,Houston Comets,798,1933,458,615,123,358,311,724,1035,451,555,242,484,107,2177,834,2008,391,531,152,434,335,720,1055,539,655,258,471,129,2211,13,21,34,9,8,4,13,7,15,6850,137455,Toyota Center,False,5_HOU,0.3824,-34,64.0294,65.0294,0.4128,0.3436,0.7447,0.4153,0.1852,0.5294,0.2353,0.2941,-20,-16,-22,13,4042.7941,False,0.5882,,,,,-0.2059,0.9547,0.9696,0.9827,0.9889,1.0041,0.988,
6,HOU,HOU,WE,3,Y,W,L,,Houston Comets,860,1920,527,690,62,205,276,684,960,467,581,246,425,105,2309,848,1944,419,559,148,423,274,687,961,541,685,197,481,111,2263,19,15,34,11,6,8,9,11,11,6875,120676,Toyota Center,False,6_HOU,0.5588,46,67.9118,66.5588,0.4479,0.3024,0.7638,0.4362,0.1068,0.6471,0.4706,0.1765,-1,49,-6,-56,3549.2941,False,0.3824,,,,,0.1765,1.0093,0.9892,1.0546,0.904,1.0305,1.0263,
7,HOU,HOU,WE,3,Y,L,,,Houston Comets,928,2098,482,678,169,472,303,822,1125,532,617,252,566,84,2507,928,2232,445,615,148,496,337,787,1124,526,705,298,519,89,2449,18,16,34,12,5,6,11,11,9,6925,130586,Toyota Center,False,7_HOU,0.5294,58,73.7353,72.0294,0.4423,0.3581,0.7109,0.4158,0.225,0.7059,0.3529,0.3529,1,-46,-5,47,3840.7647,False,0.5588,,,,,-0.0294,0.9801,0.9575,1.0418,1.0712,0.9504,0.9785,406.0
8,HOU,HOU,WE,5,N,,,,Houston Comets,915,2149,554,721,126,365,374,770,1144,558,655,289,633,109,2510,924,2190,578,719,202,581,342,721,1063,588,677,310,568,160,2628,13,21,34,7,10,6,11,10,12,6800,138816,Toyota Center,False,8_HOU,0.3824,-118,73.8235,77.2941,0.4258,0.3452,0.7684,0.4219,0.1698,0.4118,0.3529,0.0588,81,-21,-51,65,4082.8235,False,0.5294,,,,,-0.1471,0.9638,1.0091,1.014,0.9937,0.992,1.004,
9,HOU,HOU,WE,5,N,,,,Houston Comets,923,2213,563,736,152,481,376,803,1179,556,728,295,599,120,2561,903,2186,582,781,218,580,349,743,1092,542,744,313,555,165,2606,17,17,34,13,4,4,13,10,10,6925,111951,Toyota Center,True,9_HOU,0.5,-45,75.3235,76.6471,0.4171,0.316,0.7649,0.4131,0.2174,0.7647,0.2353,0.5294,87,-18,-45,44,3292.6765,False,0.3824,,,,,0.1176,0.9877,1.005,0.9933,0.9368,1.0183,0.9831,
1,IND,IND,EA,7,N,,,,Indiana Fever,796,1838,428,569,193,521,285,647,932,501,642,271,518,126,2213,839,1868,503,669,109,358,321,633,954,528,612,267,476,75,2290,9,23,32,5,11,4,12,7,14,6425,180270,Conseco Fieldhouse,False,1_IND,0.2812,-77,69.1562,71.5625,0.4331,0.3704,0.7522,0.4491,0.2835,0.3125,0.25,0.0625,-22,4,51,42,5633.4375,False,,,,,,,1.002,1.0368,1.0034,1.1288,1.0173,1.0394,
2,IND,IND,EA,6,N,,,,Indiana Fever,762,1822,472,591,157,446,286,649,935,458,600,242,491,118,2153,853,1899,412,583,131,367,306,660,966,565,616,256,466,140,2249,10,22,32,7,9,3,13,7,14,6475,138922,Conseco Fieldhouse,False,2_IND,0.3125,-96,67.2812,70.2812,0.4182,0.352,0.7986,0.4492,0.2448,0.4375,0.1875,0.25,-31,-14,-22,25,4341.3125,False,0.2812,,,,,0.0312,1.024,1.0696,1.0177,1.052,1.0799,1.0923,
3,IND,IND,EA,4,Y,L,,,Indiana Fever,731,1825,455,580,180,543,315,633,948,447,559,268,438,100,2097,804,1817,359,503,162,464,288,644,932,507,647,226,470,145,2129,16,16,32,10,6,6,10,12,9,6425,134945,Conseco Fieldhouse,False,3_IND,0.5,-32,65.5312,66.5312,0.4005,0.3315,0.7845,0.4425,0.2975,0.625,0.375,0.25,16,42,-45,-32,4217.0312,False,0.3125,,,,,0.1875,0.9688,0.9836,0.9528,0.981,1.056,1.0519,
4,IND,IND,EA,5,N,,,,Indiana Fever,839,2011,449,563,210,600,334,654,988,539,668,299,474,121,2337,837,1908,490,638,157,421,309,677,986,570,631,227,512,170,2321,16,18,34,11,6,5,12,12,12,6875,141778,Conseco Fieldhouse,False,4_IND,0.4706,16,68.7353,68.2647,0.4172,0.35,0.7975,0.4387,0.2984,0.6471,0.2941,0.3529,2,72,-49,-38,4169.9412,False,0.5,,,,,-0.0294,1.0093,1.0024,0.9986,1.0435,1.0703,1.0494,
5,IND,IND,EA,6,N,,,,Indiana Fever,791,2011,450,580,166,481,396,705,1101,555,639,261,486,134,2198,804,1865,516,695,121,352,281,688,969,514,603,268,466,162,2245,15,19,34,10,7,5,12,8,12,6850,128989,Conseco Fieldhouse,False,5_IND,0.4412,-47,64.6471,66.0294,0.3933,0.3451,0.7759,0.4311,0.2392,0.5882,0.2941,0.2941,132,-7,-28,20,3793.7941,False,0.4706,,,,,-0.0294,0.9639,0.9845,0.9363,0.9933,1.046,1.0255,
6,IND,IND,EA,2,Y,W,L,,Indiana Fever,784,1958,452,595,150,468,341,671,1012,493,668,336,477,95,2170,775,1798,460,642,123,367,279,711,990,435,644,234,558,113,2133,21,13,34,14,3,7,10,14,6,6925,142494,Conseco Fieldhouse,False,6_IND,0.6176,37,63.8235,62.7353,0.4004,0.3205,0.7597,0.431,0.239,0.8235,0.4118,0.4118,22,102,-18,-81,4191.0,False,0.4412,,,,,0.1765,0.9486,0.9324,0.9428,0.9581,1.0249,1.0141,
7,IND,IND,EA,3,Y,L,,,Indiana Fever,873,2144,518,676,171,551,339,755,1094,501,606,354,528,93,2435,883,2043,413,559,137,444,288,773,1061,507,685,259,617,105,2316,21,13,34,12,5,9,8,12,8,6850,122768,Conseco Fieldhouse,False,7_IND,0.6176,119,71.6176,68.1176,0.4072,0.3103,0.7663,0.4322,0.257,0.7059,0.5294,0.1765,33,95,-12,-89,3610.8235,False,0.6176,,,,,0.0,0.9519,0.9055,0.9591,0.9284,1.0244,1.0172,833.0
8,IND,IND,EA,2,Y,W,L,,Indiana Fever,907,2167,478,617,188,546,341,812,1153,511,646,308,589,136,2480,881,2192,450,608,158,483,369,795,1164,475,663,280,610,114,2370,21,13,34,12,5,9,8,12,8,6875,133915,Conseco Fieldhouse,False,8_IND,0.6176,110,72.9412,69.7059,0.4186,0.3443,0.7747,0.4019,0.252,0.7059,0.5294,0.1765,-11,28,22,-21,3938.6765,False,0.6176,,,,,0.0,0.9522,0.91,0.9968,0.9912,1.0002,0.9564,
9,IND,IND,EA,4,Y,L,,,Indiana Fever,876,2179,495,656,226,662,349,778,1127,500,727,324,585,165,2473,891,2127,540,706,135,415,338,833,1171,477,659,294,608,130,2457,17,17,34,11,6,6,11,12,8,6950,130941,Conseco Fieldhouse,False,9_IND,0.5,16,72.7353,72.2647,0.402,0.3414,0.7546,0.4189,0.3038,0.6471,0.3529,0.2941,-44,30,35,-23,3851.2059,False,0.6176,,,,,-0.1176,0.9537,0.9476,0.9574,1.0121,1.0044,0.997,
10,IND,IND,EA,1,Y,W,W,L,Indiana Fever,890,2212,613,746,213,637,342,780,1122,527,692,373,531,117,2606,909,2118,529,692,154,483,318,849,1167,498,700,271,638,116,2501,22,12,34,14,3,8,9,17,5,6925,134964,Conseco Fieldhouse,True,10_IND,0.6471,105,76.6471,73.5588,0.4024,0.3344,0.8217,0.4292,0.288,0.8235,0.4706,0.3529,-45,102,1,-107,3969.5294,False,0.5,,,,,0.1471,0.9783,0.9389,0.941,0.9759,1.059,1.0031,
1,LAS,LAS,WE,1,Y,W,L,,Los Angeles Sparks,861,1956,545,693,150,452,308,783,1091,586,705,271,466,156,2417,776,1963,495,692,122,413,300,678,978,445,650,243,485,105,2169,28,4,32,15,1,13,3,17,4,6450,105005,Staples Center,False,1_LAS,0.875,248,75.5312,67.7812,0.4402,0.3319,0.7864,0.3953,0.2311,0.9375,0.8125,0.125,113,28,51,-19,3281.4062,False,,,,,,,1.0943,0.982,1.0199,1.0112,1.0636,0.9148,
2,LAS,LAS,WE,1,Y,W,W,W,Los Angeles Sparks,916,2031,449,594,160,436,350,755,1105,596,616,281,438,138,2441,779,1985,416,547,192,603,294,627,921,538,591,234,453,114,2166,28,4,32,16,0,12,4,19,2,6475,148446,Staples Center,False,2_LAS,0.875,275,76.2812,67.6875,0.451,0.367,0.7559,0.3924,0.2147,1.0,0.75,0.25,184,47,24,-15,4638.9375,False,0.875,,,,,0.0,1.161,1.0302,1.0975,1.0966,1.0221,0.9543,
3,LAS,LAS,WE,1,Y,W,W,W,Los Angeles Sparks,891,2002,476,645,194,515,329,814,1143,583,664,257,517,161,2452,796,2040,480,649,163,521,314,645,959,508,623,275,453,111,2235,25,7,32,12,4,13,3,17,4,6475,186410,Staples Center,False,3_LAS,0.7812,217,76.625,69.8438,0.4451,0.3767,0.738,0.3902,0.2572,0.75,0.8125,-0.0625,184,-18,50,64,5825.3125,False,0.875,,,,,-0.0938,1.1328,1.0326,1.0587,1.1148,0.9934,0.9276,
4,LAS,LAS,WE,1,Y,W,W,L,Los Angeles Sparks,894,2140,537,678,174,528,336,813,1149,587,682,242,470,161,2499,866,2147,504,702,196,540,316,789,1105,572,654,241,468,127,2432,24,10,34,11,6,13,4,17,7,6900,157934,Staples Center,False,4_LAS,0.7059,67,73.5,71.5294,0.4178,0.3295,0.792,0.4034,0.2467,0.6471,0.7647,-0.1176,44,1,34,2,4645.1176,False,0.7812,,,,,-0.0754,1.0793,1.0504,0.9999,0.9825,1.0629,0.9649,
5,LAS,LAS,WE,1,Y,L,,,Los Angeles Sparks,904,2069,530,722,157,414,312,809,1121,626,731,262,529,148,2495,815,2095,557,761,174,511,339,727,1066,532,704,288,523,114,2361,25,9,34,15,2,10,7,16,6,6975,177269,Staples Center,False,5_LAS,0.7353,134,73.3824,69.4412,0.4369,0.3792,0.7341,0.389,0.2001,0.8824,0.5882,0.2941,55,-26,34,6,5213.7941,False,0.7059,,,,,0.0294,1.0941,1.0354,1.0401,1.0915,0.9897,0.9254,
6,LAS,LAS,WE,4,Y,L,,,Los Angeles Sparks,873,2042,456,630,124,387,321,683,1004,551,737,264,492,136,2326,818,1955,527,709,182,519,332,709,1041,567,654,247,544,115,2345,17,17,34,11,6,6,11,12,10,6800,150521,Staples Center,False,6_LAS,0.5,-19,68.4118,68.9706,0.4275,0.3204,0.7238,0.4184,0.1895,0.6471,0.3529,0.2941,-37,17,21,-52,4427.0882,False,0.7353,,,,,-0.2353,1.0167,1.0251,1.0066,0.9578,0.9765,0.9844,
7,LAS,LAS,WE,1,Y,W,L,,Los Angeles Sparks,962,2195,540,726,111,377,350,852,1202,610,679,296,534,129,2575,873,2184,534,721,196,570,336,746,1082,565,636,284,556,128,2476,25,9,34,15,2,10,7,15,5,6825,141282,Staples Center,False,7_LAS,0.7353,99,75.7353,72.8235,0.4383,0.2944,0.7438,0.3997,0.1718,0.8824,0.5882,0.2941,120,12,1,-22,4155.3529,False,0.5,,,,,0.2353,1.0067,0.968,1.0323,0.8808,0.9943,0.9408,693.0
8,LAS,LAS,WE,7,N,,,,Los Angeles Sparks,940,2305,493,627,160,456,356,783,1139,554,732,245,571,107,2533,954,2212,609,800,191,537,343,836,1179,616,605,290,550,137,2708,10,24,34,5,12,5,12,6,16,6900,147810,Staples Center,False,8_LAS,0.2941,-175,74.5,79.6471,0.4078,0.3509,0.7863,0.4313,0.1978,0.2941,0.2941,0.0,-40,-45,-30,21,4347.3529,False,0.7353,,,,,-0.4412,0.9726,1.0398,0.9712,1.0101,1.0151,1.0263,
9,LAS,LAS,WE,3,Y,W,L,,Los Angeles Sparks,954,2248,539,717,151,485,386,896,1282,613,713,251,608,216,2598,888,2310,562,751,185,547,359,768,1127,513,717,303,523,141,2523,20,14,34,12,5,8,9,12,8,7000,161639,Staples Center,False,9_LAS,0.5882,75,76.4118,74.2059,0.4244,0.3113,0.7517,0.3844,0.2157,0.7059,0.4706,0.2353,155,-52,75,85,4754.0882,False,0.2941,,,,,0.2941,1.0019,0.973,1.0106,0.923,1.0007,0.9149,
10,LAS,LAS,WE,3,Y,W,L,,Los Angeles Sparks,973,2264,435,550,152,512,365,883,1248,587,583,217,568,166,2533,903,2262,479,623,213,636,320,730,1050,516,622,300,463,115,2498,18,16,34,11,6,7,10,11,9,6925,176587,Staples Center,True,10_LAS,0.5294,35,74.5,73.4706,0.4298,0.2969,0.7909,0.3992,0.2261,0.6471,0.4118,0.2353,198,-83,51,105,5193.7353,False,0.5882,,,,,-0.0588,0.9509,0.9378,1.0051,0.8664,1.0193,0.9331,
1,MIA,MIA,EA,6,N,,,,Miami Sol,647,1774,452,664,85,310,365,595,960,415,707,272,524,88,1831,715,1676,454,627,117,315,275,648,923,416,661,247,528,118,2001,13,19,32,9,7,4,12,9,12,6475,127721,AmericanAirlines Arena,False,1_MIA,0.4062,-170,57.2188,62.5312,0.3647,0.2742,0.6807,0.4266,0.1747,0.5625,0.25,0.3125,37,25,-30,-4,3991.2812,False,,,,,,,0.829,0.906,0.845,0.8355,0.9206,0.9872,
2,MIA,MIA,EA,3,Y,L,,,Miami Sol,754,1826,356,469,93,295,292,651,943,467,602,300,448,153,1957,679,1725,420,588,120,395,301,667,968,388,538,259,512,87,1898,20,12,32,10,6,10,6,14,7,6575,141717,AmericanAirlines Arena,False,2_MIA,0.625,59,61.1562,59.3125,0.4129,0.3153,0.7591,0.3936,0.1616,0.625,0.625,0.0,-25,41,66,-64,4428.6562,False,0.4062,,,,,0.2188,0.9308,0.9027,1.0048,0.9421,1.0264,0.9572,
3,MIA,MIA,EA,6,N,,,,Miami Sol,774,1856,369,529,129,389,296,573,869,476,643,274,435,96,2046,745,1722,469,614,129,382,278,693,971,446,588,222,515,104,2088,15,17,32,9,7,6,10,11,10,6475,141252,AmericanAirlines Arena,True,3_MIA,0.4688,-42,63.9375,65.25,0.417,0.3316,0.6975,0.4326,0.2096,0.5625,0.375,0.1875,-102,52,-8,-80,4414.125,False,0.625,,,,,-0.1562,0.9453,0.9647,0.992,0.9814,0.939,1.0285,
1,MIN,MIN,WE,6,N,,,,Minnesota Lynx,770,1831,449,592,204,571,258,612,870,495,690,237,497,63,2193,755,1758,514,702,164,481,300,677,977,472,707,275,547,130,2188,15,17,32,8,8,7,9,5,16,6425,116638,Target Center,False,1_MIN,0.4688,5,68.5312,68.375,0.4205,0.3573,0.7584,0.4295,0.3119,0.5,0.4375,0.0625,-107,-38,-67,-50,3644.9375,False,,,,,,,0.9929,0.9906,0.9744,1.0886,1.0257,0.9938,
2,MIN,MIN,WE,6,N,,,,Minnesota Lynx,671,1810,559,727,176,552,308,693,1001,437,695,210,507,127,2077,752,1927,499,624,153,472,328,688,1016,511,719,259,470,126,2156,12,20,32,6,10,6,10,9,12,6475,120607,Target Center,False,2_MIN,0.375,-79,64.9062,67.375,0.3707,0.3188,0.7689,0.3902,0.305,0.375,0.375,0.0,-15,-49,1,37,3768.9688,False,0.4688,,,,,-0.0938,0.9878,1.0254,0.9021,0.9528,1.0397,0.949,
3,MIN,MIN,WE,8,N,,,,Minnesota Lynx,727,1775,383,578,166,500,309,650,959,466,617,226,529,102,2003,747,1807,469,613,141,389,302,612,914,495,618,273,465,117,2104,10,22,32,7,9,3,13,6,15,6475,139874,Target Center,False,3_MIN,0.3125,-101,62.5938,65.75,0.4096,0.332,0.6626,0.4134,0.2817,0.4375,0.1875,0.25,45,-47,-15,64,4371.0625,False,0.375,,,,,-0.0625,0.9254,0.972,0.9743,0.9825,0.892,0.9827,
4,MIN,MIN,WE,4,Y,L,,,Minnesota Lynx,875,1978,450,624,180,524,361,718,1079,580,634,242,558,101,2380,878,2067,473,633,141,446,337,652,989,528,666,271,471,126,2370,18,16,34,11,6,7,10,14,10,6850,120253,Target Center,False,4_MIN,0.5294,10,70.0,69.7059,0.4424,0.3435,0.7212,0.4248,0.2649,0.6471,0.4118,0.2353,90,-29,-25,87,3536.8529,False,0.3125,,,,,0.2169,1.0279,1.0236,1.0588,1.0242,0.9678,1.0162,
5,MIN,MIN,WE,3,Y,L,,,Minnesota Lynx,767,1900,454,640,177,542,332,724,1056,526,660,257,613,139,2165,804,1972,490,669,92,330,323,713,1036,508,676,333,502,133,2190,18,16,34,11,6,7,10,12,10,6850,125097,Target Center,False,5_MIN,0.5294,-25,63.6765,64.4118,0.4037,0.3266,0.7094,0.4077,0.2853,0.6471,0.4118,0.2353,20,-76,6,111,3679.3235,False,0.5294,,,,,0.0,0.9494,0.9604,0.961,0.94,0.9564,0.9699,
6,MIN,MIN,WE,6,N,,,,Minnesota Lynx,801,1946,437,601,172,492,310,715,1025,531,624,258,536,127,2211,862,2019,435,592,129,376,344,711,1055,537,665,275,487,144,2288,14,20,34,11,6,3,14,9,13,6850,113447,Target Center,False,6_MIN,0.4118,-77,65.0294,67.2941,0.4116,0.3496,0.7271,0.4269,0.2528,0.6471,0.1765,0.4706,-30,-17,-17,49,3336.6765,False,0.5294,,,,,-0.1176,0.9665,1.0001,0.9691,1.045,0.981,1.0045,
7,MIN,MIN,WE,7,N,,,,Minnesota Lynx,945,2211,485,681,148,419,340,804,1144,491,654,193,530,113,2523,1004,2314,548,719,179,542,372,832,1204,625,633,308,438,124,2735,10,24,34,8,9,2,15,6,14,6825,109522,Target Center,False,7_MIN,0.2941,-212,74.2059,80.4412,0.4274,0.3532,0.7122,0.4339,0.1895,0.4706,0.1176,0.3529,-60,-115,-11,92,3221.2353,False,0.4118,,,,,-0.1176,0.9863,1.0693,1.0067,1.0567,0.9521,1.0212,-1484.0
8,MIN,MIN,WE,6,N,,,,Minnesota Lynx,971,2355,531,674,163,496,397,785,1182,596,713,238,561,95,2636,988,2195,614,785,162,461,318,800,1118,565,645,279,529,147,2752,10,24,34,7,10,3,14,8,14,6875,121019,Target Center,False,8_MIN,0.2941,-116,77.5294,80.9412,0.4123,0.3286,0.7878,0.4501,0.2106,0.4118,0.1765,0.2353,64,-41,-52,32,3559.3824,False,0.2941,,,,,0.0,1.0121,1.0567,0.982,0.946,1.0171,1.0711,
9,MIN,MIN,WE,7,N,,,,Minnesota Lynx,991,2303,652,864,133,413,353,792,1145,557,751,309,472,131,2767,974,2220,612,809,161,486,350,862,1212,587,748,248,579,140,2721,16,18,34,9,8,7,10,8,12,6900,118463,Target Center,False,9_MIN,0.4706,46,81.3824,80.0294,0.4303,0.322,0.7546,0.4387,0.1793,0.5294,0.4118,0.1176,-67,61,-9,-107,3484.2059,False,0.2941,,,,,0.1765,1.0671,1.0494,1.0248,0.9547,1.0045,1.0442,
10,MIN,MIN,WE,5,N,,,,Minnesota Lynx,949,2257,591,766,242,695,325,762,1087,509,693,301,513,128,2731,1041,2260,550,711,195,510,317,848,1165,589,694,250,543,140,2827,14,20,34,9,8,5,12,7,13,6875,128127,Target Center,True,10_MIN,0.4118,-96,80.3235,83.1471,0.4205,0.3482,0.7715,0.4606,0.3079,0.5294,0.2941,0.2353,-78,51,-12,-30,3768.4412,False,0.4706,,,,,-0.0588,1.0252,1.0613,0.9833,1.0162,0.9944,1.0766,
1,NYL,NYL,EA,1,Y,W,W,L,New York Liberty,792,1815,429,567,135,396,288,652,940,477,617,246,474,102,2148,741,1822,437,590,116,420,320,647,967,462,645,223,479,94,2035,20,12,32,12,4,8,8,14,7,6425,231962,Madison Square Garden (IV),False,1_NYL,0.625,113,67.125,63.5938,0.4364,0.3409,0.7566,0.4067,0.2182,0.75,0.5,0.25,-27,23,8,-5,7248.8125,False,,,,,,,0.9725,0.9214,1.011,1.0388,1.0232,0.9411,
2,NYL,NYL,EA,2,Y,W,L,,New York Liberty,833,1828,336,500,160,421,255,660,915,553,616,265,437,82,2162,744,1759,461,640,133,394,304,679,983,430,600,223,496,76,2082,21,11,32,13,3,8,8,13,8,6400,250565,Madison Square Garden (IV),False,2_NYL,0.6562,80,67.5625,65.0625,0.4557,0.38,0.672,0.423,0.2303,0.8125,0.5,0.3125,-68,42,6,-59,7830.1562,False,0.625,,,,,0.0312,1.0283,0.9902,1.1088,1.1357,0.9087,1.0285,
3,NYL,NYL,EA,1,Y,W,W,L,New York Liberty,772,1740,400,567,145,400,260,610,870,496,638,261,458,100,2089,691,1733,484,645,149,434,312,649,961,410,597,228,478,88,2015,18,14,32,10,6,8,8,11,10,6450,234717,Madison Square Garden (IV),False,3_NYL,0.5625,74,65.2812,62.9688,0.4437,0.3625,0.7055,0.3987,0.2299,0.625,0.5,0.125,-91,33,12,-20,7334.9062,False,0.6562,,,,,-0.0938,0.9651,0.9309,1.0554,1.0727,0.9496,0.9479,
4,NYL,NYL,EA,6,N,,,,New York Liberty,825,1923,412,537,181,500,271,686,957,527,587,262,470,128,2243,821,1959,459,581,155,467,326,736,1062,506,614,269,480,96,2256,16,18,34,11,6,5,12,11,13,6850,212346,Madison Square Garden (IV),False,4_NYL,0.4706,-13,65.9706,66.3529,0.429,0.362,0.7672,0.4191,0.26,0.6471,0.2941,0.3529,-105,-7,32,-10,6245.4706,False,0.5625,,,,,-0.0919,0.9687,0.9744,1.0268,1.0793,1.0296,1.0026,
5,NYL,NYL,EA,2,Y,W,L,,New York Liberty,819,1932,398,531,216,617,263,741,1004,539,587,209,506,124,2252,867,2096,431,579,132,416,371,730,1101,517,589,288,430,123,2297,18,16,34,11,6,7,10,10,10,6900,168062,Madison Square Garden (IV),False,5_NYL,0.5294,-45,66.2353,67.5588,0.4239,0.3501,0.7495,0.4136,0.3194,0.6471,0.4118,0.2353,-97,-79,1,76,4943.0,False,0.4706,,,,,0.0588,0.9876,1.0073,1.0091,1.0076,1.0105,0.984,
6,NYL,NYL,EA,3,Y,L,,,New York Liberty,828,1860,452,552,208,605,242,732,974,498,613,214,462,112,2316,859,2012,442,608,125,398,345,685,1030,473,590,275,411,86,2285,18,16,34,10,7,8,9,9,11,6925,172381,Madison Square Garden (IV),False,6_NYL,0.5294,31,68.1176,67.2059,0.4452,0.3438,0.8188,0.4269,0.3253,0.5882,0.4706,0.1176,-56,-61,26,51,5070.0294,False,0.5294,,,,,0.0,1.0124,0.9988,1.0481,1.0277,1.1048,1.0045,
7,NYL,NYL,EA,5,N,,,,New York Liberty,822,2069,512,650,216,645,285,736,1021,475,674,252,576,112,2372,966,2153,553,722,171,461,341,832,1173,508,668,270,485,134,2656,11,23,34,7,10,4,13,7,13,6875,155048,Madison Square Garden (IV),False,7_NYL,0.3235,-284,69.7647,78.1176,0.3973,0.3349,0.7877,0.4487,0.3117,0.4118,0.2353,0.1765,-152,-18,-22,91,4560.2353,False,0.5294,,,,,-0.2059,0.9273,1.0384,0.9358,1.0019,1.053,1.056,-1988.0
8,NYL,NYL,EA,4,Y,L,,,New York Liberty,870,2087,430,580,243,653,287,788,1075,500,618,289,612,109,2413,920,2223,471,619,190,589,378,837,1215,509,608,321,562,115,2501,16,18,34,10,7,6,11,10,10,6850,147866,Madison Square Garden (IV),False,8_NYL,0.4706,-88,70.9706,73.5588,0.4169,0.3721,0.7414,0.4139,0.3129,0.5882,0.3529,0.2353,-140,-32,-6,50,4349.0,False,0.3235,,,,,0.1471,0.9265,0.9603,0.9928,1.0712,0.9572,0.9848,
9,NYL,NYL,EA,3,Y,W,L,,New York Liberty,912,2168,490,653,259,706,327,778,1105,551,655,290,547,117,2573,924,2163,516,674,174,485,352,823,1175,496,625,285,559,109,2538,19,15,34,11,6,8,9,11,9,6900,153772,Madison Square Garden (IV),False,9_NYL,0.5588,35,75.6765,74.6471,0.4207,0.3669,0.7504,0.4272,0.3256,0.6471,0.4706,0.1765,-70,5,8,-12,4522.7059,False,0.4706,,,,,0.0882,0.9923,0.9788,1.0018,1.0876,0.9989,1.0167,
10,NYL,NYL,EA,7,N,,,,New York Liberty,900,2168,458,582,254,710,280,802,1082,526,637,276,543,121,2512,906,2157,531,673,192,554,333,869,1202,482,590,269,548,124,2535,13,21,34,8,9,5,12,9,13,6900,166604,Madison Square Garden (IV),True,10_NYL,0.3824,-23,73.8824,74.5588,0.4151,0.3577,0.7869,0.42,0.3275,0.4706,0.2941,0.1765,-120,7,-3,-5,4900.1176,False,0.5588,,,,,-0.1765,0.943,0.9517,0.9709,1.0441,1.0142,0.9817,
1,ORL,CON,EA,3,Y,L,,,Orlando Miracle,833,1911,397,546,145,424,319,606,925,473,583,255,486,130,2208,851,1964,378,495,153,450,348,669,1017,536,637,264,500,108,2233,16,16,32,11,5,5,11,13,8,6500,117810,Amway Arena,False,1_ORL,0.5,-25,69.0,69.7812,0.4359,0.342,0.7271,0.4333,0.2219,0.6875,0.3125,0.375,-92,-9,22,-14,3681.5625,True,,,,,,,0.9997,1.011,1.01,1.0421,0.9833,1.0027,
2,ORL,CON,EA,5,N,,,,Orlando Miracle,768,1914,430,587,174,532,356,614,970,452,643,320,532,125,2140,806,1831,436,605,157,438,316,659,975,534,600,298,546,114,2205,13,19,32,10,6,3,13,9,12,6450,118874,Amway Arena,False,2_ORL,0.4062,-65,66.875,68.9062,0.4013,0.3271,0.7325,0.4402,0.278,0.625,0.1875,0.4375,-5,22,11,-14,3714.8125,True,0.5,,,,,-0.0938,1.0178,1.0487,0.9764,0.9774,0.9905,1.0704,
3,ORL,CON,EA,5,N,,,,Orlando Miracle,808,1914,493,646,145,461,320,595,915,446,669,295,456,113,2254,804,1862,491,668,156,422,362,684,1046,519,637,251,541,108,2255,16,16,32,10,6,6,10,13,8,6525,113837,Amway Arena,True,3_ORL,0.5,-1,70.4375,70.4688,0.4222,0.3145,0.7632,0.4318,0.2409,0.625,0.375,0.25,-131,44,5,-85,3557.4062,True,0.4062,,,,,0.0938,1.0413,1.0418,1.0042,0.9308,1.0273,1.0265,
1,PHO,PHO,WE,4,Y,L,,,Phoenix Mercury,803,1800,513,661,124,394,275,619,894,465,630,285,429,91,2243,773,1828,421,574,135,416,334,635,969,486,699,224,531,91,2102,20,12,32,11,5,9,7,11,10,6425,161075,US Airways Center,False,1_PHO,0.625,141,70.0938,65.6875,0.4461,0.3147,0.7761,0.4229,0.2189,0.6875,0.5625,0.125,-75,61,0,-102,5033.5938,False,,,,,,,1.0155,0.9517,1.0336,0.959,1.0496,0.9786,
2,PHO,PHO,WE,5,N,,,,Phoenix Mercury,767,1894,429,587,101,313,300,642,942,514,625,292,519,138,2064,785,1892,462,584,137,391,333,698,1031,524,603,283,517,127,2169,13,19,32,10,6,3,13,8,13,6450,136979,US Airways Center,False,2_PHO,0.4062,-105,64.5,67.7812,0.405,0.3227,0.7308,0.4149,0.1653,0.625,0.1875,0.4375,-89,9,11,2,4280.5938,False,0.625,,,,,-0.2188,0.9817,1.0316,0.9854,0.9643,0.9882,1.0089,
3,PHO,PHO,WE,7,N,,,,Phoenix Mercury,793,1889,405,538,100,328,292,626,918,427,623,267,501,94,2091,850,1870,436,608,155,388,309,692,1001,532,600,268,491,127,2291,11,21,32,10,6,1,15,7,14,6400,139798,US Airways Center,False,3_PHO,0.3438,-200,65.3438,71.5938,0.4198,0.3049,0.7528,0.4545,0.1736,0.625,0.0625,0.5625,-83,-1,-33,10,4368.6875,False,0.4062,,,,,-0.0625,0.966,1.0584,0.9986,0.9022,1.0133,1.0806,
4,PHO,PHO,WE,7,N,,,,Phoenix Mercury,801,2095,379,556,116,349,357,643,1000,461,664,310,479,111,2097,834,1867,466,626,136,371,303,811,1114,509,667,275,610,146,2270,8,26,34,6,11,2,15,5,19,6925,144511,US Airways Center,False,4_PHO,0.2353,-173,61.6765,66.7647,0.3823,0.3324,0.6817,0.4467,0.1666,0.3529,0.1176,0.2353,-114,35,-35,-131,4250.3235,False,0.3438,,,,,-0.1085,0.9057,0.9804,0.9151,0.991,0.9148,1.0686,
5,PHO,PHO,WE,5,N,,,,Phoenix Mercury,826,1922,456,598,192,519,264,652,916,501,748,282,464,137,2300,784,1845,534,724,133,348,309,711,1020,456,660,226,536,137,2235,17,17,34,10,7,7,10,11,11,6825,136295,US Airways Center,False,5_PHO,0.5,65,67.6471,65.7353,0.4298,0.3699,0.7625,0.4249,0.27,0.5882,0.4118,0.1765,-104,56,0,-72,4008.6765,False,0.2353,,,,,0.2647,1.0086,0.9801,1.023,1.0648,1.0281,1.0108,
6,PHO,PHO,WE,5,N,,,,Phoenix Mercury,826,1994,531,693,178,539,342,720,1062,549,697,243,517,179,2361,855,1993,523,720,121,332,319,705,1024,470,672,265,483,112,2354,16,18,34,11,6,5,12,12,10,6800,124146,US Airways Center,False,6_PHO,0.4706,7,69.4412,69.2353,0.4142,0.3302,0.7662,0.429,0.2703,0.6471,0.2941,0.3529,38,-22,67,34,3651.3529,False,0.5,,,,,-0.0294,1.032,1.029,0.9753,0.9871,1.0338,1.0093,
7,PHO,PHO,WE,5,N,,,,Phoenix Mercury,1079,2434,537,684,265,722,334,811,1145,640,741,275,442,127,2960,1023,2360,630,852,203,618,408,875,1283,578,669,231,537,126,2879,18,16,34,10,7,8,9,8,12,6900,126801,US Airways Center,False,7_PHO,0.5294,81,87.0588,84.6765,0.4433,0.367,0.7851,0.4335,0.2966,0.5882,0.4706,0.1176,-138,44,1,-95,3729.4412,False,0.4706,,,,,0.0588,1.1572,1.1256,1.0441,1.0981,1.0495,1.0202,567.0
8,PHO,PHO,WE,1,Y,W,W,W,Phoenix Mercury,1063,2419,616,754,283,802,279,873,1152,683,658,285,486,159,3025,1022,2526,570,716,290,762,445,945,1390,628,684,244,595,109,2904,23,11,34,12,5,11,6,17,5,6850,131524,US Airways Center,False,8_PHO,0.6765,121,88.9706,85.4118,0.4394,0.3529,0.817,0.4046,0.3315,0.7059,0.6471,0.0588,-238,41,50,-109,3868.3529,False,0.5294,,,,,0.1471,1.1615,1.115,1.0466,1.0158,1.0548,0.9628,
9,PHO,PHO,WE,6,N,,,,Phoenix Mercury,1069,2485,642,773,230,701,375,851,1226,560,794,232,489,156,3010,1036,2460,694,932,243,695,440,858,1298,650,717,234,500,129,3009,16,18,34,10,7,6,11,8,12,6825,144867,US Airways Center,False,9_PHO,0.4706,1,88.5294,88.5,0.4302,0.3281,0.8305,0.4211,0.2821,0.5882,0.3529,0.2353,-72,-2,27,-11,4260.7941,False,0.6765,,,,,-0.2059,1.1608,1.1604,1.0245,0.9727,1.1056,1.0023,
10,PHO,PHO,WE,1,Y,W,W,W,Phoenix Mercury,1128,2454,643,752,257,665,284,906,1190,625,740,225,500,181,3156,1094,2582,638,851,205,608,421,864,1285,607,671,260,460,143,3031,23,11,34,12,5,11,6,13,7,6900,144884,US Airways Center,True,10_PHO,0.6765,125,92.8235,89.1471,0.4597,0.3865,0.8551,0.4237,0.271,0.7059,0.6471,0.0588,-95,-35,38,40,4261.2941,False,0.4706,,,,,0.2059,1.1848,1.1379,1.075,1.1279,1.102,0.9903,
1,POR,POR,WE,7,N,,,,Portland Fire,761,1828,488,697,145,433,309,627,936,480,761,265,593,93,2155,788,1847,577,766,150,447,307,646,953,487,729,277,531,130,2303,10,22,32,6,10,4,12,4,17,6525,133076,Rose Garden Arena,False,1_POR,0.3125,-148,67.3438,71.9688,0.4163,0.3349,0.7001,0.4266,0.2369,0.375,0.25,0.125,-17,-12,-37,62,4158.625,False,,,,,,,0.9757,1.0427,0.9646,1.0204,0.9469,0.9873,
2,POR,POR,WE,7,N,,,,Portland Fire,733,1891,450,612,172,519,300,696,996,451,633,244,500,106,2088,791,1944,461,656,159,410,343,763,1106,501,643,293,474,144,2202,11,21,32,6,10,5,11,5,16,6525,137656,Rose Garden Arena,False,2_POR,0.3438,-114,65.25,68.8125,0.3876,0.3314,0.7353,0.4069,0.2745,0.375,0.3125,0.0625,-110,-49,-38,26,4301.75,False,0.3125,,,,,0.0312,0.9931,1.0473,0.9432,0.9904,0.9943,0.9894,
3,POR,POR,WE,5,N,,,,Portland Fire,829,1951,410,564,127,391,307,641,948,492,623,239,493,120,2195,819,1885,463,647,126,348,334,678,1012,486,616,272,508,139,2227,16,16,32,9,7,7,9,8,13,6475,128656,Rose Garden Arena,True,3_POR,0.5,-32,68.5938,69.5938,0.4249,0.3248,0.727,0.4345,0.2004,0.5625,0.4375,0.125,-64,-33,-19,-15,4020.5,False,0.3438,,,,,0.1562,1.0141,1.0289,1.0108,0.9612,0.9785,1.0329,
1,SAC,SAC,WE,3,Y,L,,,Sacramento Monarchs,876,1993,449,650,142,459,388,650,1038,567,571,332,458,157,2343,811,1918,410,544,144,418,320,631,951,503,600,226,524,116,2176,21,11,32,13,3,8,8,13,8,6400,126841,ARCO Arena (II),False,1_SAC,0.6562,167,73.2188,68.0,0.4395,0.3094,0.6908,0.4228,0.2303,0.8125,0.5,0.3125,87,106,41,-66,3963.7812,False,,,,,,,1.0608,0.9852,1.0184,0.9427,0.9342,0.9785,
2,SAC,SAC,WE,2,Y,W,L,,Sacramento Monarchs,837,1974,457,618,163,423,374,723,1097,558,588,276,494,158,2294,804,2003,415,578,116,400,343,662,1005,496,616,261,481,143,2139,20,12,32,12,4,8,8,13,8,6525,133603,ARCO Arena (II),False,2_SAC,0.625,155,71.6875,66.8438,0.424,0.3853,0.7395,0.4014,0.2143,0.75,0.5,0.25,92,15,15,13,4175.0938,False,0.6562,,,,,-0.0312,1.091,1.0173,1.0318,1.1515,0.9999,0.9761,
3,SAC,SAC,WE,6,N,,,,Sacramento Monarchs,780,1945,494,653,112,395,301,648,949,500,675,247,456,109,2166,815,1944,515,681,149,453,352,723,1075,493,633,233,496,128,2294,14,18,32,10,6,4,12,8,13,6575,144179,ARCO Arena (II),False,3_SAC,0.4375,-128,67.6875,71.6875,0.401,0.2835,0.7565,0.4192,0.2031,0.625,0.25,0.375,-126,14,-19,-40,4505.5938,False,0.625,,,,,-0.1875,1.0007,1.0598,0.954,0.8391,1.0183,0.9966,
4,SAC,SAC,WE,3,Y,W,L,,Sacramento Monarchs,862,2107,425,626,150,473,349,718,1067,568,641,297,461,122,2299,816,1991,435,597,149,467,345,751,1096,516,640,224,576,141,2216,19,15,34,12,5,7,10,13,11,6825,155578,ARCO Arena (II),False,4_SAC,0.5588,83,67.6176,65.1765,0.4091,0.3171,0.6789,0.4098,0.2245,0.7059,0.4118,0.2941,-29,73,-19,-115,4575.8235,False,0.4375,,,,,0.1213,0.9929,0.9571,0.9792,0.9455,0.9111,0.9805,
5,SAC,SAC,WE,4,Y,W,L,,Sacramento Monarchs,874,2072,435,604,129,365,389,635,1024,519,641,314,485,118,2312,803,1872,474,631,161,458,310,676,986,513,646,241,593,117,2241,18,16,34,10,7,8,9,12,10,6900,147544,ARCO Arena (II),False,5_SAC,0.5294,71,68.0,65.9118,0.4218,0.3534,0.7202,0.429,0.1762,0.5882,0.4706,0.1176,38,73,1,-108,4339.5294,False,0.5588,,,,,-0.0294,1.0139,0.9827,1.0041,1.0173,0.971,1.0204,
6,SAC,SAC,WE,1,Y,W,W,W,Sacramento Monarchs,853,1986,494,721,129,360,369,674,1043,527,684,304,500,108,2329,751,1823,478,653,113,376,273,694,967,463,723,235,622,132,2093,25,9,34,15,2,10,7,17,5,6800,145213,ARCO Arena (II),False,6_SAC,0.7353,236,68.5,61.5588,0.4295,0.3583,0.6852,0.412,0.1813,0.8824,0.5882,0.2941,76,69,-24,-122,4270.9706,False,0.5294,,,,,0.2059,1.0181,0.9149,1.0113,1.0711,0.9244,0.9692,
7,SAC,SAC,WE,2,Y,W,W,L,Sacramento Monarchs,919,2190,542,741,157,461,418,720,1138,509,670,330,542,88,2537,872,2021,504,661,156,507,294,725,1019,507,687,244,633,143,2404,21,13,34,14,3,7,10,10,10,6875,147739,ARCO Arena (II),False,7_SAC,0.6176,133,74.6176,70.7059,0.4196,0.3406,0.7314,0.4315,0.2105,0.8235,0.4118,0.4118,119,86,-55,-91,4345.2647,False,0.7353,,,,,-0.1176,0.9918,0.9399,0.9884,1.0189,0.9778,1.0155,931.0
8,SAC,SAC,WE,3,Y,L,,,Sacramento Monarchs,901,2214,572,745,153,429,452,723,1175,537,642,325,611,101,2527,891,2081,512,664,186,547,308,718,1026,542,689,274,649,141,2480,19,15,34,12,5,7,10,12,10,6950,142575,ARCO Arena (II),False,8_SAC,0.5588,47,74.3235,72.9412,0.407,0.3566,0.7678,0.4282,0.1938,0.7059,0.4118,0.2941,149,51,-40,-38,4193.3824,False,0.6176,,,,,-0.0588,0.9703,0.9522,0.9692,1.0267,0.9913,1.0189,
9,SAC,SAC,WE,4,Y,L,,,Sacramento Monarchs,883,2159,611,816,168,438,388,721,1109,473,690,319,586,77,2545,958,2128,469,622,186,542,308,767,1075,581,759,267,624,206,2571,18,16,34,13,4,5,12,9,11,6800,139066,ARCO Arena (II),False,9_SAC,0.5294,-26,74.8529,75.6176,0.409,0.3836,0.7488,0.4502,0.2029,0.7647,0.2941,0.4706,34,52,-129,-38,4090.1765,False,0.5588,,,,,-0.0294,0.9815,0.9915,0.974,1.1371,0.9967,1.0714,
10,SAC,SAC,WE,6,N,,,,Sacramento Monarchs,946,2194,586,744,132,389,391,763,1154,540,645,289,584,98,2610,994,2221,479,586,223,604,326,702,1028,627,704,262,576,147,2690,12,22,34,7,10,5,12,6,14,6850,131654,ARCO Arena (II),True,10_SAC,0.3529,-80,76.7647,79.1176,0.4312,0.3393,0.7876,0.4475,0.1773,0.4118,0.2941,0.1176,126,27,-49,8,3872.1765,False,0.5294,,,,,-0.1765,0.9798,1.0098,1.0084,0.9903,1.0151,1.046,
4,SAS,SAS,WE,6,N,,,,San Antonio Silver Stars,792,2068,538,736,93,315,350,795,1145,428,728,187,513,167,2215,867,2176,544,745,149,482,389,783,1172,530,669,275,424,140,2427,12,22,34,9,8,3,14,10,14,6825,176526,AT&T Center,False,4_SAS,0.3529,-212,65.1471,71.3824,0.383,0.2952,0.731,0.3984,0.1523,0.5294,0.1765,0.3529,-27,-88,27,89,5191.9412,False,,,,,,,0.9567,1.0482,0.9166,0.8802,0.981,0.9532,
5,SAS,SAS,WE,7,N,,,,San Antonio Silver Stars,812,1940,488,628,79,247,302,701,1003,493,628,272,513,106,2191,888,2003,416,564,172,469,324,710,1034,575,624,280,492,129,2364,9,25,34,6,11,3,14,6,16,6875,142717,AT&T Center,False,5_SAS,0.2647,-173,64.4412,69.5294,0.4186,0.3198,0.7771,0.4433,0.1273,0.3529,0.1765,0.1765,-31,-8,-23,21,4197.5588,False,0.3529,,,,,-0.0882,0.9608,1.0367,0.9964,0.9206,1.0477,1.0546,
6,SAS,SAS,WE,7,N,,,,San Antonio Silver Stars,764,1833,503,652,110,339,256,690,946,433,650,195,535,90,2141,898,2059,463,611,142,408,351,704,1055,563,685,283,429,148,2401,7,27,34,5,12,2,15,3,19,6800,135054,AT&T Center,False,6_SAS,0.2059,-260,62.9706,70.6176,0.4168,0.3245,0.7715,0.4361,0.1849,0.2941,0.1176,0.1765,-109,-88,-58,106,3972.1765,False,0.2647,,,,,-0.0588,0.9359,1.0495,0.9814,0.9699,1.0408,1.0261,
7,SAS,SAS,WE,6,N,,,,San Antonio Silver Stars,915,2255,504,672,189,556,354,814,1168,540,610,246,488,83,2523,974,2262,490,640,165,459,372,865,1237,560,641,254,480,129,2603,13,21,34,6,11,7,10,10,10,6800,125749,AT&T Center,False,7_SAS,0.3824,-80,74.2059,76.5588,0.4058,0.3399,0.75,0.4306,0.2466,0.3529,0.4118,-0.0588,-69,-8,-46,8,3698.5,False,0.2059,,,,,0.1765,0.9863,1.0177,0.9557,1.017,1.0026,1.0134,-560.0
8,SAS,SAS,WE,2,Y,W,L,,San Antonio Silver Stars,923,2176,464,577,207,566,323,764,1087,567,653,283,558,130,2517,904,2139,529,688,147,454,361,776,1137,516,619,257,583,137,2484,20,14,34,9,8,11,6,13,9,6875,128680,AT&T Center,False,8_SAS,0.5882,33,74.0294,73.0588,0.4242,0.3657,0.8042,0.4226,0.2601,0.5294,0.6471,-0.1176,-50,26,-7,-25,3784.7059,False,0.3824,,,,,0.2059,0.9664,0.9538,1.0102,1.0528,1.0382,1.0057,
9,SAS,SAS,WE,1,Y,W,W,L,San Antonio Silver Stars,901,2080,561,694,183,539,246,847,1093,601,602,272,525,150,2546,904,2271,471,634,139,483,389,817,1206,500,666,278,528,109,2418,24,10,34,15,2,9,8,10,10,6850,135722,AT&T Center,False,9_SAS,0.7059,128,74.8824,71.1176,0.4332,0.3395,0.8084,0.3981,0.2591,0.8824,0.5294,0.3529,-113,-6,41,-3,3991.8235,False,0.5882,,,,,0.1176,0.9819,0.9325,1.0316,1.0065,1.076,0.9474,
10,SAS,SAS,WE,4,Y,L,,,San Antonio Silver Stars,936,2190,487,626,256,739,281,768,1049,598,596,257,509,116,2615,1000,2279,488,620,173,499,364,824,1188,529,643,268,502,120,2661,15,19,34,10,7,5,12,10,10,6950,127957,AT&T Center,True,10_SAS,0.4412,-46,76.9118,78.2647,0.4274,0.3464,0.778,0.4388,0.3374,0.5882,0.2941,0.2941,-139,-11,-4,7,3763.4412,False,0.7059,,,,,-0.2647,0.9817,0.999,0.9995,1.011,1.0026,1.0256,
1,SEA,SEA,WE,8,N,,,,Seattle Storm,667,1740,379,561,109,364,256,537,793,390,648,255,525,93,1822,778,1721,498,654,117,334,288,721,1009,506,618,284,529,123,2171,6,26,32,4,12,2,14,4,17,6475,142594,KeyArena at Seattle Center,False,1_SEA,0.1875,-349,56.9375,67.8438,0.3833,0.2995,0.6756,0.4521,0.2092,0.25,0.125,0.125,-216,-29,-30,-4,4456.0625,False,,,,,,,0.8249,0.9829,0.8882,0.9125,0.9137,1.0461,
2,SEA,SEA,WE,8,N,,,,Seattle Storm,689,1821,415,606,128,412,306,585,891,412,605,273,431,127,1921,753,1750,417,559,125,325,296,756,1052,492,588,228,519,127,2048,10,22,32,5,11,5,11,6,15,6550,95257,KeyArena at Seattle Center,False,2_SEA,0.3125,-127,60.0312,64.0,0.3784,0.3107,0.6848,0.4303,0.2262,0.3125,0.3125,0.0,-161,45,0,-88,2976.7812,False,0.1875,,,,,0.125,0.9136,0.974,0.9207,0.9284,0.926,1.0463,
3,SEA,SEA,WE,4,Y,L,,,Seattle Storm,794,1948,418,543,182,506,362,633,995,514,623,282,477,151,2188,783,1818,435,587,102,342,307,662,969,488,563,254,531,125,2103,17,15,32,10,6,7,9,10,11,6450,111774,KeyArena at Seattle Center,False,3_SEA,0.5312,85,68.375,65.7188,0.4076,0.3597,0.7698,0.4307,0.2598,0.625,0.4375,0.1875,26,28,26,-54,3492.9375,False,0.3125,,,,,0.2188,1.0109,0.9716,0.9696,1.0644,1.0362,1.0239,
4,SEA,SEA,WE,5,N,,,,Seattle Storm,890,2045,442,567,166,500,342,732,1074,548,644,232,465,138,2388,844,2039,441,591,145,437,352,689,1041,456,570,245,459,104,2274,18,16,34,13,4,5,12,11,13,6850,120857,KeyArena at Seattle Center,False,4_SEA,0.5294,114,70.2353,66.8824,0.4352,0.332,0.7795,0.4139,0.2445,0.7647,0.2941,0.4706,33,-13,34,6,3554.6176,False,0.5312,,,,,-0.0018,1.0314,0.9821,1.0417,0.9898,1.0461,0.9902,
5,SEA,SEA,WE,2,Y,W,W,W,Seattle Storm,873,2025,524,676,167,439,350,709,1059,552,665,302,499,131,2437,851,1989,423,592,139,391,303,679,982,507,678,252,527,137,2264,20,14,34,13,4,7,10,13,9,6825,134291,KeyArena at Seattle Center,False,5_SEA,0.5882,173,71.6765,66.5882,0.4311,0.3804,0.7751,0.4279,0.2168,0.7647,0.4118,0.3529,77,50,-6,-28,3949.7353,False,0.5294,,,,,0.0588,1.0687,0.9928,1.0262,1.0949,1.0451,1.0178,
6,SEA,SEA,WE,2,Y,L,,,Seattle Storm,906,2066,544,688,142,429,323,776,1099,520,657,201,516,158,2498,892,2163,490,646,133,419,334,686,1020,568,691,267,438,154,2407,20,14,34,14,3,6,11,13,9,6825,151150,KeyArena at Seattle Center,False,6_SEA,0.5882,91,73.4706,70.7941,0.4385,0.331,0.7907,0.4124,0.2076,0.8235,0.3529,0.4706,79,-66,4,78,4445.5882,False,0.5882,,,,,0.0,1.0919,1.0522,1.0325,0.9894,1.0668,0.9703,
7,SEA,SEA,WE,4,Y,L,,,Seattle Storm,961,2124,562,712,160,475,327,821,1148,514,682,232,570,127,2644,940,2218,531,707,164,484,322,709,1031,520,683,297,485,115,2575,18,16,34,9,8,9,8,10,10,6800,145664,KeyArena at Seattle Center,False,7_SEA,0.5294,69,77.7647,75.7353,0.4524,0.3368,0.7893,0.4238,0.2236,0.5294,0.5294,0.0,117,-65,12,85,4284.2353,False,0.5882,,,,,-0.0588,1.0336,1.0067,1.0657,1.0077,1.0552,0.9975,483.0
8,SEA,SEA,WE,4,Y,L,,,Seattle Storm,964,2210,582,715,224,639,344,820,1164,533,620,242,533,151,2734,987,2321,478,586,195,528,333,761,1094,591,642,272,495,112,2647,17,17,34,12,5,5,12,11,11,6825,135553,KeyArena at Seattle Center,False,8_SEA,0.5,87,80.4118,77.8529,0.4362,0.3505,0.814,0.4252,0.2891,0.7059,0.2941,0.4118,70,-30,39,38,3986.8529,False,0.5294,,,,,-0.0294,1.0498,1.0164,1.0388,1.0091,1.0509,1.012,
9,SEA,SEA,WE,2,Y,L,,,Seattle Storm,899,2112,552,728,143,453,340,822,1162,530,684,269,526,140,2493,861,2164,512,680,172,539,332,760,1092,498,674,263,515,115,2406,22,12,34,16,1,6,11,13,7,6800,140503,KeyArena at Seattle Center,False,9_SEA,0.6471,87,73.3235,70.7647,0.4257,0.3157,0.7582,0.3979,0.2145,0.9412,0.3529,0.5882,70,6,25,11,4132.4412,False,0.5,,,,,0.1471,0.9614,0.9279,1.0137,0.9358,1.0093,0.9469,
10,SEA,SEA,WE,2,Y,L,,,Seattle Storm,909,2116,555,707,171,486,316,788,1104,536,710,276,555,150,2544,882,2150,510,671,202,585,332,746,1078,517,672,275,555,131,2476,20,14,34,13,4,7,10,13,7,7025,133858,KeyArena at Seattle Center,True,10_SEA,0.5882,68,74.8235,72.8235,0.4296,0.3519,0.785,0.4102,0.2297,0.7647,0.4118,0.3529,26,1,19,0,3937.0,False,0.6471,,,,,-0.0588,0.955,0.9295,1.0047,1.0269,1.0117,0.9588,
1,UTA,SAS,WE,5,N,,,,Utah Starzz,858,1896,609,790,88,262,348,732,1080,522,698,214,544,157,2413,860,1964,531,721,156,448,313,598,911,503,702,301,437,112,2407,18,14,32,12,4,6,10,13,8,6400,103442,EnergySolutions Arena,False,1_UTA,0.5625,6,75.4062,75.2188,0.4525,0.3359,0.7709,0.4379,0.1382,0.75,0.375,0.375,169,-87,45,107,3232.5625,True,,,,,,,1.0925,1.0898,1.0485,1.0235,1.0425,1.0133,
2,UTA,SAS,WE,3,Y,L,,,Utah Starzz,811,1849,507,675,78,244,295,775,1070,524,622,202,493,156,2207,789,1976,489,660,125,429,344,630,974,478,645,275,390,148,2192,19,13,32,9,7,10,6,11,10,6475,110507,EnergySolutions Arena,False,2_UTA,0.5938,15,68.9688,68.5,0.4386,0.3197,0.7511,0.3993,0.132,0.5625,0.625,-0.0625,96,-73,8,103,3453.3438,True,0.5625,,,,,0.0312,1.0497,1.0425,1.0673,0.9553,1.0157,0.971,
3,UTA,SAS,WE,3,Y,W,,,Utah Starzz,843,1911,643,844,89,247,347,721,1068,478,665,228,522,178,2418,851,2067,516,688,126,377,361,645,1006,489,724,260,444,149,2344,20,12,32,12,4,8,8,12,9,6450,118720,EnergySolutions Arena,True,3_UTA,0.625,74,75.5625,73.25,0.4411,0.3603,0.7618,0.4117,0.1293,0.75,0.5,0.25,62,-32,29,78,3710.0,True,0.5938,,,,,0.0312,1.1171,1.0829,1.0494,1.0663,1.0255,0.9787,
1,WAS,WAS,EA,4,Y,L,,,Washington Mystics,832,1813,403,578,109,335,300,646,946,521,597,245,506,126,2176,845,1875,382,555,149,397,299,612,911,513,595,261,456,102,2221,14,18,32,7,9,7,9,13,8,6400,244134,Verizon Center,False,1_WAS,0.4375,-45,68.0,69.4062,0.4589,0.3254,0.6972,0.4507,0.1848,0.4375,0.4375,0.0,35,-16,24,50,7629.1875,False,,,,,,,0.9852,1.0056,1.0633,0.9915,0.9429,1.0429,
2,WAS,WAS,EA,8,N,,,,Washington Mystics,739,1915,333,504,117,418,356,699,1055,424,537,257,495,127,1928,791,1945,347,467,146,408,331,737,1068,487,543,261,454,103,2075,10,22,32,8,8,2,14,4,17,6500,246667,Verizon Center,False,2_WAS,0.3125,-147,60.25,64.8438,0.3859,0.2799,0.6607,0.4067,0.2183,0.5,0.125,0.375,-13,-4,24,41,7708.3438,False,0.4375,,,,,-0.125,0.917,0.9869,0.939,0.8365,0.8934,0.9889,
3,WAS,WAS,EA,3,Y,W,,,Washington Mystics,806,1910,359,478,164,443,330,708,1038,516,583,221,455,94,2135,786,1903,397,538,147,446,309,680,989,442,570,237,441,101,2116,17,15,32,9,7,8,8,12,9,6450,259237,Verizon Center,False,3_WAS,0.5312,19,66.7188,66.125,0.422,0.3702,0.751,0.413,0.2319,0.5625,0.5,0.0625,49,-16,-7,14,8101.1562,False,0.3125,,,,,0.2188,0.9864,0.9776,1.0038,1.0955,1.011,0.9819,
4,WAS,WAS,EA,7,N,,,,Washington Mystics,896,2191,381,507,157,505,382,703,1085,568,676,213,462,99,2330,909,2033,509,691,171,482,334,781,1115,591,565,251,468,119,2498,9,25,34,3,14,6,11,7,17,6875,238710,Verizon Center,False,4_WAS,0.2647,-168,68.5294,73.4706,0.4089,0.3109,0.7515,0.4471,0.2305,0.1765,0.3529,-0.1765,-30,-38,-20,-6,7020.8824,False,0.5312,,,,,-0.2665,1.0063,1.0789,0.9788,0.9269,1.0085,1.0696,
5,WAS,WAS,EA,4,Y,L,,,Washington Mystics,873,2088,474,661,105,283,337,726,1063,467,652,255,424,128,2325,864,2013,510,686,146,425,336,770,1106,534,627,237,492,111,2384,17,17,34,11,6,6,11,9,11,6850,214448,Verizon Center,False,5_WAS,0.5,-59,68.3824,70.1176,0.4181,0.371,0.7171,0.4292,0.1355,0.6471,0.3529,0.2941,-43,18,17,-68,6307.2941,False,0.2647,,,,,0.2353,1.0196,1.0454,0.9953,1.0679,0.9668,1.021,
6,WAS,WAS,EA,5,N,,,,Washington Mystics,847,1968,388,546,181,510,266,677,943,517,697,260,435,76,2263,833,1872,489,648,150,433,267,757,1024,545,638,205,504,108,2305,16,18,34,10,7,6,11,9,11,6900,171501,Verizon Center,False,6_WAS,0.4706,-42,66.5588,67.7941,0.4304,0.3549,0.7106,0.445,0.2591,0.5882,0.3529,0.2353,-81,55,-32,-69,5044.1471,False,0.5,,,,,-0.0294,0.9892,1.0076,1.0133,1.0608,0.9588,1.0469,
7,WAS,WAS,EA,4,Y,L,,,Washington Mystics,1016,2199,528,715,187,522,330,770,1100,576,784,306,541,113,2747,909,2102,635,851,204,553,321,720,1041,583,687,252,573,89,2657,18,16,34,13,4,5,12,12,8,6850,133255,Verizon Center,False,7_WAS,0.5294,90,80.7941,78.1471,0.462,0.3582,0.7385,0.4324,0.2374,0.7647,0.2941,0.4706,59,54,24,-32,3919.2647,False,0.4706,,,,,0.0588,1.0739,1.0388,1.0882,1.0717,0.9872,1.0178,630.0
8,WAS,WAS,EA,5,N,,,,Washington Mystics,877,2170,668,839,163,528,335,783,1118,472,763,282,571,133,2585,924,2216,616,801,175,520,383,825,1208,549,762,256,579,103,2639,16,18,34,8,9,8,9,8,12,6900,133255,Verizon Center,False,8_WAS,0.4706,-54,76.0294,77.6176,0.4041,0.3087,0.7962,0.417,0.2433,0.4706,0.4706,0.0,-90,26,30,-8,3919.2647,False,0.5294,,,,,-0.0588,0.9926,1.0133,0.9625,0.8887,1.0279,0.9922,
9,WAS,WAS,EA,6,N,,,,Washington Mystics,885,2131,435,659,163,460,362,770,1132,483,757,241,637,93,2368,929,2096,563,760,180,528,306,787,1093,542,708,314,530,146,2601,10,24,34,6,11,4,13,6,14,6825,154637,Verizon Center,False,9_WAS,0.2941,-233,69.6471,76.5,0.4153,0.3543,0.6601,0.4432,0.2159,0.3529,0.2353,0.1176,39,-73,-53,107,4548.1471,False,0.4706,,,,,-0.1765,0.9132,1.0031,0.989,1.0505,0.8787,1.0549,
10,WAS,WAS,EA,4,Y,L,,,Washington Mystics,933,2205,580,827,139,426,388,803,1191,453,725,314,607,118,2585,945,2184,570,755,162,478,322,789,1111,524,778,315,576,156,2622,16,18,34,11,6,5,12,10,12,6875,192747,Verizon Center,True,10_WAS,0.4706,-37,76.0294,77.1176,0.4231,0.3263,0.7013,0.4327,0.1932,0.6471,0.2941,0.3529,80,-1,-38,31,5669.0294,False,0.2941,,,,,0.1765,0.9704,0.9843,0.9896,0.9523,0.9039,1.0113,
